{"cameraMode":{"drawMode":0,"name":"Shaded","section":"Shading Mode"},"sceneLighting":false,"audioPlay":false,"sceneViewState":{"m_AlwaysRefresh":false,"showFog":true,"showSkybox":false,"showFlares":true,"showImageEffects":true,"showParticleSystems":true,"showVisualEffectGraphs":true,"m_FxEnabled":true},"in2DMode":false,"pivot":{"x":-0.1979619264602661,"y":1.2170915603637696,"z":0.09635043144226074},"rotation":{"x":-0.0659969300031662,"y":0.9316314458847046,"z":-0.27672168612480166,"w":-0.22838084399700166},"size":1.585230827331543,"orthographic":false}