{"cameraMode":{"drawMode":0,"name":"Shaded","section":"Shading Mode"},"sceneLighting":true,"audioPlay":false,"sceneViewState":{"m_AlwaysRefresh":false,"showFog":true,"showSkybox":true,"showFlares":true,"showImageEffects":true,"showParticleSystems":true,"showVisualEffectGraphs":true,"m_FxEnabled":true},"in2DMode":false,"pivot":{"x":14.044819831848145,"y":1.5370535850524903,"z":23.35285758972168},"rotation":{"x":-0.06524426490068436,"y":-0.19793583452701569,"z":0.011857069097459317,"w":-0.9785557985305786},"size":25.95107078552246,"orthographic":false}