{"cameraMode":{"drawMode":0,"name":"Shaded","section":"Shading Mode"},"sceneLighting":true,"audioPlay":false,"sceneViewState":{"m_AlwaysRefresh":false,"showFog":true,"showSkybox":true,"showFlares":true,"showImageEffects":true,"showParticleSystems":true,"showVisualEffectGraphs":true,"m_FxEnabled":true},"in2DMode":false,"pivot":{"x":14.785771369934082,"y":-11.50321102142334,"z":35.025211334228519},"rotation":{"x":0.1427430957555771,"y":0.19989655911922456,"z":-0.02759150229394436,"w":0.9695425033569336},"size":38.565757751464847,"orthographic":false}