{"cameraMode":{"drawMode":0,"name":"Shaded","section":"Shading Mode"},"sceneLighting":true,"audioPlay":false,"sceneViewState":{"m_AlwaysRefresh":false,"showFog":true,"showSkybox":true,"showFlares":true,"showImageEffects":true,"showParticleSystems":true,"showVisualEffectGraphs":true,"m_FxEnabled":true},"in2DMode":false,"pivot":{"x":17.306447982788087,"y":-15.161453247070313,"z":36.092552185058597},"rotation":{"x":0.15352649986743928,"y":0.2226492017507553,"z":-0.03401000425219536,"w":0.9627004265785217},"size":38.565757751464847,"orthographic":false}