{"cameraMode":{"drawMode":0,"name":"Shaded","section":"Shading Mode"},"sceneLighting":false,"audioPlay":false,"sceneViewState":{"m_AlwaysRefresh":false,"showFog":true,"showSkybox":false,"showFlares":true,"showImageEffects":true,"showParticleSystems":true,"showVisualEffectGraphs":true,"m_FxEnabled":true},"in2DMode":false,"pivot":{"x":-1.6206647157669068,"y":-6.272441387176514,"z":18.58982276916504},"rotation":{"x":-0.19693158566951753,"y":0.036625005304813388,"z":-0.007660075090825558,"w":-0.9800434112548828},"size":12.12435531616211,"orthographic":false}