{"cameraMode":{"drawMode":0,"name":"Shaded","section":"Shading Mode"},"sceneLighting":false,"audioPlay":false,"sceneViewState":{"m_AlwaysRefresh":false,"showFog":true,"showSkybox":false,"showFlares":true,"showImageEffects":true,"showParticleSystems":true,"showVisualEffectGraphs":true,"m_FxEnabled":true},"in2DMode":false,"pivot":{"x":0.14904659986495973,"y":2.5647215843200685,"z":-0.30692386627197268},"rotation":{"x":-0.25418123602867129,"y":-0.17603814601898194,"z":0.046706002205610278,"w":-0.950212836265564},"size":1.4686765670776368,"orthographic":false}