{"cameraMode":{"drawMode":0,"name":"Shaded","section":"Shading Mode"},"sceneLighting":false,"audioPlay":false,"sceneViewState":{"m_AlwaysRefresh":false,"showFog":true,"showSkybox":false,"showFlares":true,"showImageEffects":true,"showParticleSystems":true,"showVisualEffectGraphs":true,"m_FxEnabled":true},"in2DMode":false,"pivot":{"x":0.16501478850841523,"y":1.7725629806518555,"z":0.52447110414505},"rotation":{"x":0.012936978600919247,"y":-0.9533091187477112,"z":0.2999246418476105,"w":0.04097148776054382},"size":1.2095937728881837,"orthographic":false}