{"cameraMode":{"drawMode":0,"name":"Shaded","section":"Shading Mode"},"sceneLighting":false,"audioPlay":false,"sceneViewState":{"m_AlwaysRefresh":false,"showFog":true,"showSkybox":false,"showFlares":true,"showImageEffects":true,"showParticleSystems":true,"showVisualEffectGraphs":true,"m_FxEnabled":true},"in2DMode":false,"pivot":{"x":1294.326416015625,"y":761.3567504882813,"z":156.61944580078126},"rotation":{"x":-0.005416205618530512,"y":-0.9575659036636353,"z":0.2886834740638733,"w":-0.017728950828313829},"size":123.74369049072266,"orthographic":false}